101862299692018053020180629.png,1
103774886552018053020180629.png,1
123456782018053020180629.png,0
153300565192018053020180629.png,1
199791205032018053020180629.png,1
2018053020180629.png,0
22131730972018053020180629.png,1
22957128182018053020180629.png,1
23106158892018053020180629.png,1
23106159842018053020180629.png,1
23113278882018053020180629.png,1
23163099982018053020180629.png,1
23163111742018053020180629.png,1
242039668672018053020180629.png,1
542625002262018053020180629.png,1
553964381962018053020180629.png,0
588183891662018053020180629.png,1
697590231742018053020180629.png,1
697590231832018053020180629.png,1
730888799402018053020180629.png,0
731479228972018053020180629.png,0
73574626212018053020180629.png,1
761511951932018053020180629.png,1
761511951942018053020180629.png,1
786123536592018053020180629.png,1
804371446842018053020180629.png,1
804371446942018053020180629.png,1
867405923132018053020180629.png,1
867405923182018053020180629.png,1
867405923222018053020180629.png,1
867405923252018053020180629.png,1
867405923362018053020180629.png,1
867405923372018053020180629.png,1
867405923392018053020180629.png,1
867405923402018053020180629.png,1
867405923412018053020180629.png,1
867405923432018053020180629.png,1
867405923452018053020180629.png,1
867405923482018053020180629.png,1
867405923492018053020180629.png,1
867405923642018053020180629.png,1
867405923652018053020180629.png,1
867405923702018053020180629.png,1
867405923742018053020180629.png,1
867405923762018053020180629.png,1
867405923772018053020180629.png,1
867405923842018053020180629.png,1
867405923862018053020180629.png,1
867405923992018053020180629.png,1
894609621732018053020180629.png,0
896701930852018053020180629.png,1
896743458092018053020180629.png,1
896743458202018053020180629.png,1
93057896862018053020180629.png,1
93443867082018053020180629.png,1
a0d2a4262018053020180629.png,0
a18a18aa2018053020180629.png,0
a4f7c6172018053020180629.png,0
a61a782c2018053020180629.png,1
a757badc2018053020180629.png,1
a75836492018053020180629.png,0
a7d092352018053020180629.png,1
a7e243542018053020180629.png,0
a7f5207f2018053020180629.png,0
a8009b5e2018053020180629.png,0
a870e8b52018053020180629.png,0
a921d3772018053020180629.png,1
aa23c6fa2018053020180629.png,1
aa5f730e2018053020180629.png,0
ab3218ec2018053020180629.png,0
ab38183a2018053020180629.png,0
ac2a2c872018053020180629.png,0
acd6687a2018053020180629.png,0
ad5058282018053020180629.png,0
af755cf82018053020180629.png,0
b-22397444356871-ms-n-xiaomi2018053020180629.png,1
b-24874913914118-ms-f-sg2018053020180629.png,1
b-25408862998022-ms-f-8032018053020180629.png,1
b-25628932496135-ms-f-chubao2018053020180629.png,1
b-25827481055750-ms-f-zhwnl2018053020180629.png,1
b-27658335971079-ms-f-momo2018053020180629.png,1
b-31580022738699-me-f-8052018053020180629.png,1
b-31580022738699-me-f-8142018053020180629.png,1
b-31580022738699-me-f-8222018053020180629.png,1
b-31580022738699-me-f-8272018053020180629.png,0
b-31580022738699-me-f-8662018053020180629.png,0
b-31580022738699-me-f-8682018053020180629.png,0
b-31580022738699-me-f-9062018053020180629.png,0
b-31835395308299-me-f-8012018053020180629.png,0
b-37771090736406-ms-f-8012018053020180629.png,1
b-39450498594069-ms-f-8012018053020180629.png,1
b12310012018053020180629.png,1
b13199fe2018053020180629.png,0
b19941282018053020180629.png,0
b1afe69c2018053020180629.png,0
b2e10f7b2018053020180629.png,0
b4f70d502018053020180629.png,0
b6490c4b2018053020180629.png,0
b6f934842018053020180629.png,0
b7bff5ce2018053020180629.png,1
b7d3912e2018053020180629.png,1
ba129bd82018053020180629.png,0
ba2d4afc2018053020180629.png,0
bb3488252018053020180629.png,1
bb7ca3572018053020180629.png,0
bc35d74c2018053020180629.png,0
bcccbdfb2018053020180629.png,0
bd3778952018053020180629.png,0
bd5bb9892018053020180629.png,1
be12a5462018053020180629.png,0
bee00c1a2018053020180629.png,0
bfcc1f6f2018053020180629.png,1
c03734bf2018053020180629.png,0
c0ff2dab2018053020180629.png,0
c10a2d4e2018053020180629.png,0
c1d323c52018053020180629.png,1
c2ac47df2018053020180629.png,1
c340cef22018053020180629.png,1
c3b09d312018053020180629.png,1
c44d05c42018053020180629.png,0
c4d087862018053020180629.png,0
c5b9182a2018053020180629.png,0
c76b27422018053020180629.png,1
c790cad42018053020180629.png,1
c7d095492018053020180629.png,0
c96d24f52018053020180629.png,1
c99f13042018053020180629.png,1
ca0510a32018053020180629.png,1
ca0a823f2018053020180629.png,0
ca136b1a2018053020180629.png,0
ca54dbd52018053020180629.png,0
cb0885d22018053020180629.png,0
cd88accd2018053020180629.png,0
cddfa1b22018053020180629.png,1
ce60dd682018053020180629.png,0
cf67d8762018053020180629.png,1
d212f86a2018053020180629.png,1
d255f6e32018053020180629.png,0
d2689d272018053020180629.png,1
d3705bfb2018053020180629.png,0
d47bbd0d2018053020180629.png,0
d58a6c1e2018053020180629.png,0
d60e75302018053020180629.png,0
d863a3cd2018053020180629.png,1
dae354742018053020180629.png,1
dc336c432018053020180629.png,1
dcba784e2018053020180629.png,0
dce6c0ed2018053020180629.png,0
dd4abdf42018053020180629.png,1
de0d6b742018053020180629.png,1
df147be52018053020180629.png,0
df563aa92018053020180629.png,1
dfc2a3bd2018053020180629.png,0
dfdc0ccd2018053020180629.png,0
e1761de92018053020180629.png,0
e2fd993f2018053020180629.png,0
e34f5e2a2018053020180629.png,0
e45309772018053020180629.png,1
e4eb43cd2018053020180629.png,0
e56a1daa2018053020180629.png,0
e921e2122018053020180629.png,0
e9e88c942018053020180629.png,0
eb1bd3992018053020180629.png,0
ecf81d692018053020180629.png,0
ed5bea152018053020180629.png,0
ee0c004b2018053020180629.png,0
ee5438052018053020180629.png,0
ee86b2dc2018053020180629.png,0
f025ce342018053020180629.png,1
f08af3cb2018053020180629.png,0
f19de1682018053020180629.png,0
f1a52dfa2018053020180629.png,0
f3230ae02018053020180629.png,1
f40e23342018053020180629.png,0
f540c10f2018053020180629.png,0
f5e4a8372018053020180629.png,0
f6be3caf2018053020180629.png,0
f6d1d4282018053020180629.png,1
f78f80702018053020180629.png,1
f86bcd5d2018053020180629.png,1
f893969d2018053020180629.png,1
fa2b66f02018053020180629.png,0
fac492ec2018053020180629.png,0
fba762c22018053020180629.png,0
fcef97d82018053020180629.png,0
fcfe0a832018053020180629.png,1
fd4b61c42018053020180629.png,0
fdbebfb92018053020180629.png,0
feebaab92018053020180629.png,1
m-22397444356871-ms-f-8072018053020180629.png,1
m-25408862998022-ms-f-8022018053020180629.png,1
m-29808017352203-ms-f-6732018053020180629.png,1
m-30357155836684-me-f-8012018053020180629.png,0
m-33276477696777-ms-f-8042018053020180629.png,1
m-36041042145041-ms-f-8012018053020180629.png,1
m-36664853837071-ms-f-8012018053020180629.png,1
m-39273421070861-ms-f-8012018053020180629.png,0
m-39558317773073-ms-f-8012018053020180629.png,1
m-40071380944150-ms-f-8012018053020180629.png,1
m-40426949257495-me-f-8012018053020180629.png,0
s-25339240070662-ms-f-dianhuabang2018053020180629.png,0
s-29881461708298-ms-f-8012018053020180629.png,0
s-30489970078470-ms-f-8012018053020180629.png,1
s-31835395308299-me-f-8212018053020180629.png,1
s-31835395308299-ms-f-8062018053020180629.png,1
s-34167469232396-ms-f-8012018053020180629.png,1
s-34167469232396-ms-f-8072018053020180629.png,1
s-34167469232396-ms-f-8122018053020180629.png,0
s-34167469232396-ms-f-8202018053020180629.png,1
s-34297557692423-ms-f-8012018053020180629.png,0
s-35228560802822-me-f-8052018053020180629.png,0
s-37702625963281-me-f-8012018053020180629.png,0
s-38496917773074-ms-f-8012018053020180629.png,1
s-39603321897489-ms-f-8042018053020180629.png,1
s-39625513633301-ms-f-8012018053020180629.png,1
s-40402321741325-ms-f-8012018053020180629.png,1
s-41152878691598-ms-f-8012018053020180629.png,1
sem_6e6_baiyi_bj2018053020180629.png,1
sem_6e6_baiyi_qd2018053020180629.png,1
sem_6e6_baiyi_qt2018053020180629.png,0
sem_6e6_baiyi_sh2018053020180629.png,1
sem_6e6_baiyi_sy2018053020180629.png,0
sem_6e6_baiyi_tj2018053020180629.png,0
u-2by4r6jry3v43nkddh12018053020180629.png,1
u-2bybhpfj697pnc46zg2018053020180629.png,1
u-2bypnjez697pnc4f212018053020180629.png,0
u-2bypnnabd3v43nkdq9g2018053020180629.png,0
u-2c13wpanv3v43nkddh12018053020180629.png,0
u-2c14m53bw3v43nkdq9g2018053020180629.png,0
u-2c23887h197pnc46zg2018053020180629.png,1
u-2c2y1xtpp97pnc46zg2018053020180629.png,1
u-2c3ttpj193v43nkddh12018053020180629.png,1
u-2c4n18zts3v43nkdq9g2018053020180629.png,1
u-2c4xfc1gy97pnc4f212018053020180629.png,0
u-2c661vxct97pnc46zg2018053020180629.png,0
u-2c6huvtu197pnc46zg2018053020180629.png,0
u-2c8dtry3y3v43nkddh12018053020180629.png,1
u-2c8y59d6b3v43nkddh12018053020180629.png,1
u-2c8yv25ew97pnc46zg2018053020180629.png,0
u-2c9t94kwc97pnc46zg2018053020180629.png,0
u-2c9u51tfu97pnc4f212018053020180629.png,0
u-2ca8gxjmt97pnc46zg2018053020180629.png,0
u-2caprj6f597pnc4f212018053020180629.png,1
u-2capt6m5e3v43nkdq9g2018053020180629.png,0
u-2cat5gn8k97pnc4f212018053020180629.png,0
u-2cavdsp9m97pnc46zg2018053020180629.png,0
u-2cavnqfmx97pnc4f212018053020180629.png,1
u-2cbekdt6h3v43nkdq9g2018053020180629.png,0
u-2cbtsc2cw97pnc46zg2018053020180629.png,0
u-2cbu9g3yf3v43nkdq9g2018053020180629.png,1
u-2cc1nz9vb3v43nkdq9g2018053020180629.png,1
u-2ccfkg6d497pnc4f212018053020180629.png,0
u-2ccn3hk1z97pnc4f212018053020180629.png,0
u-2ccnhzpt93v43nkddh12018053020180629.png,1
u-2ccw2ujqt3v43nkddh12018053020180629.png,0
u-2ccya9j663v43nkddh12018053020180629.png,0
u-2ccyaag2c3v43nkdq9g2018053020180629.png,1
u-2ccyxu8rb3v43nkdq9g2018053020180629.png,1
u-2cd35gsng3v43nkddh12018053020180629.png,1
u-2cd51jvnr97pnc4f212018053020180629.png,0
u-2cdeujgvb3v43nkdq9g2018053020180629.png,0
u-2cdrwkv8f97pnc46zg2018053020180629.png,0
u-2ce1zxzbw97pnc46zg2018053020180629.png,1
u-2ceake2eb97pnc46zg2018053020180629.png,0
u-2cetaa9xp3v43nkddh12018053020180629.png,1
u-2cetez2a83v43nkdq9g2018053020180629.png,1
u-2cetjpfqp3v43nkdq9g2018053020180629.png,0
u-2cezjwmyg97pnc4f212018053020180629.png,0
u-2cf5z13v43v43nkdq9g2018053020180629.png,0
u-2cf8d2buz3v43nkddh12018053020180629.png,0
u-2cfuuqp2z3v43nkddh12018053020180629.png,0
u-2cfwxe24f97pnc46zg2018053020180629.png,1
u-2cg1kjxx33v43nkdq9g2018053020180629.png,0
u-2cgbkcc9697pnc46zg2018053020180629.png,1
u-2cge1wyh53v43nkddh12018053020180629.png,1
u-2cgwebr9a3v43nkdq9g2018053020180629.png,0
u-2cz2rnk1f97pnc4f212018053020180629.png,0
u-L-LH3Gf2J9tMcKG2018053020180629.png,0
u-Lg7H6rJ2J9tMeMj2018053020180629.png,1
u-Lgpzlj5a1luDwQM2018053020180629.png,1
u-Lj3YC_O2J9tMeMj2018053020180629.png,0
u-Ll-2soP2J9tMeMj2018053020180629.png,1
u-LlB1ehaa1luDwQM2018053020180629.png,0
u-LlQETAfa1luDubj2018053020180629.png,1
u-LlQE_L0a1luDwQM2018053020180629.png,1
u-LltR8sM2J9tMcKG2018053020180629.png,0
u-LmInaoZa1luDubj2018053020180629.png,0
u-Lnd4Ygta1luDubj2018053020180629.png,1
u-LNl_5vd2J9tMcKG2018053020180629.png,0
u-LNTy1Ima1luDubj2018053020180629.png,0
u-LNTyKyCa1luDubj2018053020180629.png,0
u-LO-dVie2J9tMeMj2018053020180629.png,0
u-LpM61wCa1luDubj2018053020180629.png,1
u-LpufZKt2J9tMeMj2018053020180629.png,0
u-LpW-tic2J9tMeMj2018053020180629.png,1
u-LQfhov5a1luDwQM2018053020180629.png,1
u-LQNEB91a1luDwQM2018053020180629.png,0
u-LrgKtzUa1luDwQM2018053020180629.png,0
u-LRg_TlX2J9tMcKG2018053020180629.png,0
u-LRhzu2H2J9tMcKG2018053020180629.png,0
u-LRi8-rY2J9tMcKG2018053020180629.png,0
u-LrRTp1v2J9tMcKG2018053020180629.png,1
u-LrTD6Hp2J9tMcKG2018053020180629.png,1
u-LRUi0XFa1luDwQM2018053020180629.png,1
u-Lt2pHoBa1luDubj2018053020180629.png,1
u-Lt3gSeJ2J9tMcKG2018053020180629.png,0
u-LTdv9b-2J9tMcKG2018053020180629.png,1
u-LThS6jH2J9tMcKG2018053020180629.png,0
u-Ltra8bm2J9tMeMj2018053020180629.png,0
u-LtuxQtT2J9tMcKG2018053020180629.png,0
u-LV-I1MN2J9tMcKG2018053020180629.png,1
u-LvgUA-t2J9tMcKG2018053020180629.png,1
u-LvwsEy12J9tMcKG2018053020180629.png,1
u-Lw7Uzz6a1luDubj2018053020180629.png,1
u-LWgPFo9a1luDubj2018053020180629.png,1
u-Lw__EnW2J9tMcKG2018053020180629.png,0
u-Lx4iWOka1luDwQM2018053020180629.png,1
u-Lx4Y3m-2J9tMcKG2018053020180629.png,1
u-LY4Wo7Sa1luDwQM2018053020180629.png,0
u-LY58WKj2J9tMcKG2018053020180629.png,1
u-LY5fLTL2J9tMcKG2018053020180629.png,0
u-LYxfp0da1luDwQM2018053020180629.png,0
u-LZHr9rm2J9tMeMj2018053020180629.png,0
u-LZv9cub2J9tMcKG2018053020180629.png,0
u-LZvrwGHa1luDwQM2018053020180629.png,0
{keywordid}2018053020180629.png,0
123456782018061920180620.png,1
153300565192018061920180620.png,1
2018061920180620.png,0
23106159842018061920180620.png,1
acd6687a2018061920180620.png,0
b-25408862998022-ms-f-8032018061920180620.png,1
b-25628932496135-ms-f-chubao2018061920180620.png,1
b-31580022738699-me-f-8052018061920180620.png,1
b-31580022738699-me-f-8142018061920180620.png,1
b-31580022738699-me-f-8222018061920180620.png,1
b-31580022738699-me-f-8272018061920180620.png,1
b-31580022738699-me-f-8662018061920180620.png,0
b-31580022738699-me-f-9062018061920180620.png,0
b-31835395308299-me-f-8012018061920180620.png,1
c0ff2dab2018061920180620.png,0
c44d05c42018061920180620.png,0
cf67d8762018061920180620.png,1
e34f5e2a2018061920180620.png,0
m-29808017352203-ms-f-6732018061920180620.png,0
m-36664853837071-ms-f-8012018061920180620.png,1
m-39273421070861-ms-f-8012018061920180620.png,1
m-39558317773073-ms-f-8012018061920180620.png,1
m-40071380944150-ms-f-8012018061920180620.png,1
s-25339240070662-ms-f-dianhuabang2018061920180620.png,1
s-29881461708298-ms-f-8012018061920180620.png,1
s-30489970078470-ms-f-8012018061920180620.png,1
s-31835395308299-me-f-8212018061920180620.png,1
s-31835395308299-ms-f-8062018061920180620.png,1
s-34167469232396-ms-f-8122018061920180620.png,0
s-34297557692423-ms-f-8012018061920180620.png,0
s-35228560802822-me-f-8052018061920180620.png,1
s-37702625963281-me-f-8012018061920180620.png,0
s-39625513633301-ms-f-8012018061920180620.png,1
sem_6e6_baiyi_qt2018061920180620.png,1
u-2bypnjez697pnc4f212018061920180620.png,0
u-2c13wpanv3v43nkddh12018061920180620.png,0
u-2c14m53bw3v43nkdq9g2018061920180620.png,0
u-2c23887h197pnc46zg2018061920180620.png,1
u-2c2y1xtpp97pnc46zg2018061920180620.png,1
u-2c4n18zts3v43nkdq9g2018061920180620.png,1
u-2c8y59d6b3v43nkddh12018061920180620.png,1
u-2c8yv25ew97pnc46zg2018061920180620.png,0
u-2c9t94kwc97pnc46zg2018061920180620.png,0
u-2c9u51tfu97pnc4f212018061920180620.png,1
u-2cat5gn8k97pnc4f212018061920180620.png,1
u-2cavdsp9m97pnc46zg2018061920180620.png,0
u-2cavnqfmx97pnc4f212018061920180620.png,1
u-2cbtsc2cw97pnc46zg2018061920180620.png,0
u-2ccn3hk1z97pnc4f212018061920180620.png,0
u-2ccw2ujqt3v43nkddh12018061920180620.png,1
u-2ccya9j663v43nkddh12018061920180620.png,1
u-2ccyxu8rb3v43nkdq9g2018061920180620.png,1
u-2cd51jvnr97pnc4f212018061920180620.png,0
u-2cdrwkv8f97pnc46zg2018061920180620.png,1
u-2cetjpfqp3v43nkdq9g2018061920180620.png,1
u-2cezjwmyg97pnc4f212018061920180620.png,0
u-2cf5z13v43v43nkdq9g2018061920180620.png,0
u-2cf8d2buz3v43nkddh12018061920180620.png,0
u-2cg1kjxx33v43nkdq9g2018061920180620.png,1
u-2cz2rnk1f97pnc4f212018061920180620.png,0
u-L-LH3Gf2J9tMcKG2018061920180620.png,0
u-Lgpzlj5a1luDwQM2018061920180620.png,1
u-Lj3YC_O2J9tMeMj2018061920180620.png,1
u-LlB1ehaa1luDwQM2018061920180620.png,0
u-LlQE_L0a1luDwQM2018061920180620.png,1
u-LmInaoZa1luDubj2018061920180620.png,0
u-Lnd4Ygta1luDubj2018061920180620.png,1
u-LNl_5vd2J9tMcKG2018061920180620.png,0
u-LNTy1Ima1luDubj2018061920180620.png,0
u-LNTyKyCa1luDubj2018061920180620.png,0
u-LO-dVie2J9tMeMj2018061920180620.png,0
u-LpM61wCa1luDubj2018061920180620.png,1
u-LQfhov5a1luDwQM2018061920180620.png,1
u-LrgKtzUa1luDwQM2018061920180620.png,1
u-LRg_TlX2J9tMcKG2018061920180620.png,0
u-LRi8-rY2J9tMcKG2018061920180620.png,0
u-LrRTp1v2J9tMcKG2018061920180620.png,1
u-LrTD6Hp2J9tMcKG2018061920180620.png,1
u-LRUi0XFa1luDwQM2018061920180620.png,1
u-Lt3gSeJ2J9tMcKG2018061920180620.png,0
u-LThS6jH2J9tMcKG2018061920180620.png,0
u-Ltra8bm2J9tMeMj2018061920180620.png,0
u-LvgUA-t2J9tMcKG2018061920180620.png,1
u-LWgPFo9a1luDubj2018061920180620.png,1
u-Lx4iWOka1luDwQM2018061920180620.png,1
u-Lx4Y3m-2J9tMcKG2018061920180620.png,1
u-LY4Wo7Sa1luDwQM2018061920180620.png,1
u-LY58WKj2J9tMcKG2018061920180620.png,1
u-LYxfp0da1luDwQM2018061920180620.png,1
u-LZHr9rm2J9tMeMj2018061920180620.png,0
u-LZv9cub2J9tMcKG2018061920180620.png,1
u-LZvrwGHa1luDwQM2018061920180620.png,1
{keywordid}2018061920180620.png,1
