123456782018062720180628.png,1
153300565192018062720180628.png,1
2018062720180628.png,1
23106159842018062720180628.png,1
761511951942018062720180628.png,1
867405923452018062720180628.png,1
867405923492018062720180628.png,1
867405923652018062720180628.png,1
894609621732018062720180628.png,1
ad5058282018062720180628.png,1
b-25408862998022-ms-f-8032018062720180628.png,1
b-25628932496135-ms-f-chubao2018062720180628.png,1
123456782018062420180625.png,1
153300565192018062420180625.png,1
2018062420180625.png,1
22957128182018062420180625.png,1
23106159842018062420180625.png,1
761511951942018062420180625.png,1
