100016a52018061520180715.png,1
100043669812018061520180715.png,1
100112149862018061520180715.png,1
100112153482018061520180715.png,1
100113591482018061520180715.png,1
1003d7e22018061520180715.png,1
1003e9c82018061520180715.png,0
100401ec2018061520180715.png,0
100402162018061520180715.png,1
100409cb2018061520180715.png,1
100418952018061520180715.png,1
1004e0012018061520180715.png,1
101261719612018061520180715.png,1
101967344412018061520180715.png,1
102784740602018061520180715.png,1
102784740832018061520180715.png,1
103774886552018061520180715.png,1
108162486932018061520180715.png,1
110247042642018061520180715.png,1
149110777812018061520180715.png,1
149110785432018061520180715.png,1
149387394732018061520180715.png,1
153300565192018061520180715.png,1
155387817512018061520180715.png,1
155387817752018061520180715.png,1
155387818352018061520180715.png,1
155387823992018061520180715.png,1
155387825072018061520180715.png,1
155387826242018061520180715.png,1
155387827382018061520180715.png,1
171446074162018061520180715.png,1
178828665142018061520180715.png,1
180436696332018061520180715.png,1
180451676452018061520180715.png,1
183214932592018061520180715.png,1
183216372062018061520180715.png,1
183216431642018061520180715.png,1
183216435352018061520180715.png,1
183216449032018061520180715.png,1
183216449292018061520180715.png,1
183216495822018061520180715.png,1
183216507532018061520180715.png,1
183216511942018061520180715.png,1
183216512162018061520180715.png,1
183216524112018061520180715.png,1
183216524132018061520180715.png,1
183216525762018061520180715.png,1
19127040612018061520180715.png,1
19127041482018061520180715.png,1
19284761822018061520180715.png,1
19286505882018061520180715.png,1
19355675052018061520180715.png,1
19357197562018061520180715.png,1
19388157062018061520180715.png,1
199092298042018061520180715.png,1
199092298242018061520180715.png,1
199092316142018061520180715.png,1
199791205032018061520180715.png,1
206474572742018061520180715.png,1
217312880652018061520180715.png,1
21989404732018061520180715.png,1
22131730292018061520180715.png,1
22131730972018061520180715.png,1
22131731012018061520180715.png,1
22131731292018061520180715.png,1
22293842382018061520180715.png,1
22293842822018061520180715.png,1
22433852362018061520180715.png,1
23014940892018061520180715.png,1
23014940902018061520180715.png,1
23106158872018061520180715.png,1
23106158892018061520180715.png,1
23106158902018061520180715.png,1
23106159802018061520180715.png,1
23106159822018061520180715.png,1
23162938212018061520180715.png,1
23163097242018061520180715.png,1
23163099982018061520180715.png,1
23163111742018061520180715.png,1
234812074202018061520180715.png,1
242039668672018061520180715.png,1
24759862682018061520180715.png,1
33386194032018061520180715.png,1
33386197072018061520180715.png,1
33386221382018061520180715.png,1
33386246352018061520180715.png,1
33386282752018061520180715.png,1
33730062232018061520180715.png,1
3945e7532018061520180715.png,0
464520349712018061520180715.png,1
500792894592018061520180715.png,1
516365011372018061520180715.png,1
516365011402018061520180715.png,1
533958791832018061520180715.png,1
538015054062018061520180715.png,1
542625000342018061520180715.png,1
542647905802018061520180715.png,1
545986571852018061520180715.png,1
553964381962018061520180715.png,0
561803121992018061520180715.png,1
567872794032018061520180715.png,0
571078601382018061520180715.png,1
571201887862018061520180715.png,1
577080935282018061520180715.png,1
578008316572018061520180715.png,1
578008316962018061520180715.png,1
578008316992018061520180715.png,1
578008318312018061520180715.png,1
581054594722018061520180715.png,1
581054595082018061520180715.png,1
588184264412018061520180715.png,1
588184475762018061520180715.png,1
66393748952018061520180715.png,1
697518959852018061520180715.png,1
697590222202018061520180715.png,1
697590222502018061520180715.png,1
728052134882018061520180715.png,1
728052135992018061520180715.png,1
729124224902018061520180715.png,1
730888799402018061520180715.png,1
730888799762018061520180715.png,1
730914276392018061520180715.png,1
730914277622018061520180715.png,1
733117464602018061520180715.png,1
733117735592018061520180715.png,1
73574624642018061520180715.png,1
73574624752018061520180715.png,1
73574624972018061520180715.png,1
73574625242018061520180715.png,1
761511951942018061520180715.png,1
763972181362018061520180715.png,1
763972181392018061520180715.png,1
763972181412018061520180715.png,1
771903265262018061520180715.png,1
772713661072018061520180715.png,1
773080202672018061520180715.png,1
786123536592018061520180715.png,1
790249682352018061520180715.png,1
796822446882018061520180715.png,1
796822447462018061520180715.png,1
796822447492018061520180715.png,1
796822447592018061520180715.png,1
796822465392018061520180715.png,1
804371446842018061520180715.png,1
804371446942018061520180715.png,1
81726107892018061520180715.png,1
81726155542018061520180715.png,1
81726182462018061520180715.png,1
8200521052018061520180715.png,1
8200523082018061520180715.png,1
8201209632018061520180715.png,1
859811873602018061520180715.png,1
860744141352018061520180715.png,1
8611361852018061520180715.png,1
86539001512018061520180715.png,1
86539042762018061520180715.png,1
867405923072018061520180715.png,1
867405923252018061520180715.png,1
867405923262018061520180715.png,1
867405923312018061520180715.png,1
867405923332018061520180715.png,1
867405923362018061520180715.png,1
867405923372018061520180715.png,1
867405923392018061520180715.png,1
867405923482018061520180715.png,1
867405923492018061520180715.png,1
867405923582018061520180715.png,1
867405923642018061520180715.png,1
867405923652018061520180715.png,1
867405923682018061520180715.png,1
867405923702018061520180715.png,1
867405923832018061520180715.png,1
867405923842018061520180715.png,1
867405923862018061520180715.png,1
867405923892018061520180715.png,1
867405923932018061520180715.png,1
867405923962018061520180715.png,1
867405923972018061520180715.png,1
894609615912018061520180715.png,1
894609616102018061520180715.png,1
894609621732018061520180715.png,1
895354494712018061520180715.png,1
895717671562018061520180715.png,1
896701930732018061520180715.png,1
896701930782018061520180715.png,1
896779858992018061520180715.png,1
917069172502018061520180715.png,1
93057896862018061520180715.png,1
93057914222018061520180715.png,1
93443788322018061520180715.png,1
93443867082018061520180715.png,0
93443867562018061520180715.png,1
a02d51c72018061520180715.png,1
a050da0c2018061520180715.png,1
a059cea12018061520180715.png,0
a0647c452018061520180715.png,1
a0853f0a2018061520180715.png,1
a18a18aa2018061520180715.png,1
a1b661e52018061520180715.png,1
a22e54e92018061520180715.png,1
a2f0e3722018061520180715.png,1
a2ff81dd2018061520180715.png,0
a35194bd2018061520180715.png,0
a35372152018061520180715.png,1
a35de9132018061520180715.png,0
a36654832018061520180715.png,1
a386c0ca2018061520180715.png,1
a3a521992018061520180715.png,1
a3cb72c62018061520180715.png,1
a3d1186d2018061520180715.png,1
a4fe8be92018061520180715.png,1
a4ffc68d2018061520180715.png,1
a51c55ce2018061520180715.png,0
a58ffc242018061520180715.png,0
a5b084d12018061520180715.png,0
a5eebeba2018061520180715.png,1
a60570952018061520180715.png,1
a69815b52018061520180715.png,1
a6b358d42018061520180715.png,1
a7081b12018061520180715.png,1
a71902322018061520180715.png,1
a726f4872018061520180715.png,1
a757badc2018061520180715.png,1
a75836492018061520180715.png,1
a7695c992018061520180715.png,1
a7b5dfb02018061520180715.png,0
a7d092352018061520180715.png,1
a8009b5e2018061520180715.png,0
a8372b452018061520180715.png,0
a85583582018061520180715.png,0
a85623402018061520180715.png,1
a870e8b52018061520180715.png,1
a8e58f282018061520180715.png,0
a8ee01652018061520180715.png,0
a8fad04f2018061520180715.png,1
a909cc352018061520180715.png,1
a9782c572018061520180715.png,0
a9a871ea2018061520180715.png,1
a9ada49d2018061520180715.png,0
a9b34ae92018061520180715.png,1
a9efb1852018061520180715.png,0
aa0780002018061520180715.png,1
aa45827a2018061520180715.png,1
ab38183a2018061520180715.png,1
ab60c30a2018061520180715.png,1
ab8bf6372018061520180715.png,0
abdf0bce2018061520180715.png,0
acb0f49c2018061520180715.png,1
acb811712018061520180715.png,1
acd6687a2018061520180715.png,1
ad0e8eaa2018061520180715.png,1
ad16dd542018061520180715.png,0
ad2353e12018061520180715.png,0
ad39812a2018061520180715.png,1
ad4431732018061520180715.png,1
ad5058282018061520180715.png,0
ad6fa8d12018061520180715.png,1
ad7dc2aa2018061520180715.png,0
adfa3e962018061520180715.png,1
ae09a4ee2018061520180715.png,1
ae0db5b12018061520180715.png,0
aeae24f22018061520180715.png,1
aeb6e2912018061520180715.png,1
aec2abd22018061520180715.png,1
af755cf82018061520180715.png,1
af7f35aa2018061520180715.png,1
afb3e9112018061520180715.png,0
afb4ea792018061520180715.png,1
b-22397444356871-ms-n-xiaomi2018061520180715.png,1
b-25827481055750-ms-f-zhwnl2018061520180715.png,0
b-27658335971079-ms-f-momo2018061520180715.png,1
b-31506832103436-me-f-8012018061520180715.png,1
b-31580022738699-me-f-8032018061520180715.png,1
b-31580022738699-me-f-8052018061520180715.png,1
b-31580022738699-me-f-8142018061520180715.png,1
b-31580022738699-me-f-8212018061520180715.png,1
b-31580022738699-me-f-8682018061520180715.png,1
b-31580022738699-me-f-9062018061520180715.png,0
b-31580022738699-pe-f-8512018061520180715.png,1
b-31835395308299-me-f-8012018061520180715.png,1
b-37771090736406-ms-f-8012018061520180715.png,1
b-39450498594069-ms-f-8012018061520180715.png,1
b-41308421417746-ms-f-8012018061520180715.png,1
b0101c982018061520180715.png,0
b016a0862018061520180715.png,0
b13199fe2018061520180715.png,1
b14f613a2018061520180715.png,1
b1afe69c2018061520180715.png,0
b1e086032018061520180715.png,0
b26f150a2018061520180715.png,1
b2e0bca12018061520180715.png,1
b2e10f7b2018061520180715.png,1
b41e8e952018061520180715.png,0
b459c8c42018061520180715.png,1
b47216462018061520180715.png,1
b4ad090a2018061520180715.png,1
b4e50dea2018061520180715.png,0
b4f70d502018061520180715.png,0
b51331ed2018061520180715.png,1
b523c75d2018061520180715.png,1
b575a0972018061520180715.png,0
b596a1572018061520180715.png,1
b604c42d2018061520180715.png,1
b61938902018061520180715.png,1
b646dda72018061520180715.png,1
b6926fa02018061520180715.png,1
b6eb4f322018061520180715.png,0
b6f934842018061520180715.png,0
b72332672018061520180715.png,0
b73a87e92018061520180715.png,1
b74a65602018061520180715.png,1
b7aa923e2018061520180715.png,0
b7bff5ce2018061520180715.png,1
b7d3912e2018061520180715.png,0
b7df50192018061520180715.png,1
b817093d2018061520180715.png,0
b8201e8a2018061520180715.png,1
b84830f62018061520180715.png,0
b85e16d12018061520180715.png,1
b86de16b2018061520180715.png,1
b86fea2f2018061520180715.png,0
b880cf9e2018061520180715.png,0
b88bf03e2018061520180715.png,0
b8a516a52018061520180715.png,0
b8d040b72018061520180715.png,0
b8ee6f302018061520180715.png,1
b9e50c0e2018061520180715.png,0
ba129bd82018061520180715.png,0
ba2d4afc2018061520180715.png,1
ba9cb32c2018061520180715.png,1
bab363e82018061520180715.png,1
bb3488252018061520180715.png,1
bb34fd962018061520180715.png,1
bb7ca3572018061520180715.png,1
bb9f7c1b2018061520180715.png,1
bba0f1a02018061520180715.png,0
bbaea2e42018061520180715.png,1
bbe519162018061520180715.png,1
bcc36fe62018061520180715.png,1
bcccbdfb2018061520180715.png,0
bccff2062018061520180715.png,1
bcf4bbe2018061520180715.png,1
bcf988042018061520180715.png,0
bd1de0342018061520180715.png,1
bd5bb9892018061520180715.png,1
be12a5462018061520180715.png,1
be7049c42018061520180715.png,0
beb8479f2018061520180715.png,1
beb8e0ae2018061520180715.png,0
bee00c1a2018061520180715.png,1
bf4c8e0a2018061520180715.png,1
bf4e98732018061520180715.png,1
bfec93752018061520180715.png,1
bff6787a2018061520180715.png,1
bffcaef12018061520180715.png,1
c02e7db62018061520180715.png,1
c03734bf2018061520180715.png,1
c08987a52018061520180715.png,1
c089f13d2018061520180715.png,1
c096f7892018061520180715.png,0
c0ff2dab2018061520180715.png,0
c0ff3b702018061520180715.png,1
c10a2d4e2018061520180715.png,0
c11491fd2018061520180715.png,1
c11923742018061520180715.png,1
c14682e92018061520180715.png,1
c17d438a2018061520180715.png,0
c1ae13f52018061520180715.png,1
c1b3e81d2018061520180715.png,1
c29a299f2018061520180715.png,0
c2a33ff02018061520180715.png,1
c2ac12182018061520180715.png,1
c2ac47df2018061520180715.png,1
c2bf0dc32018061520180715.png,0
c2cab5ff2018061520180715.png,1
c2d612a52018061520180715.png,1
c340cef22018061520180715.png,1
c39281892018061520180715.png,1
c3b590fd2018061520180715.png,0
c3b99d992018061520180715.png,1
c3cc89402018061520180715.png,0
c3ef09442018061520180715.png,0
c3fe6eb02018061520180715.png,1
c4d087862018061520180715.png,1
c4ff6b272018061520180715.png,0
c52f77fb2018061520180715.png,1
c54006e02018061520180715.png,1
c58842022018061520180715.png,0
c59a11ed2018061520180715.png,1
c59fc41f2018061520180715.png,1
c60a11572018061520180715.png,1
c63d87a32018061520180715.png,1
c727bbc82018061520180715.png,1
c72e27862018061520180715.png,1
c76b27422018061520180715.png,1
c790cad42018061520180715.png,1
c7d095492018061520180715.png,1
c7ed7ef62018061520180715.png,0
c827399e2018061520180715.png,0
c8de824d2018061520180715.png,0
c96d24f52018061520180715.png,1
c98a42852018061520180715.png,0
c99dafd32018061520180715.png,0
c99f13042018061520180715.png,1
c9da9df42018061520180715.png,1
ca0a823f2018061520180715.png,1
ca3ee9e02018061520180715.png,0
ca9b43912018061520180715.png,1
cac91f7a2018061520180715.png,1
caf56a032018061520180715.png,1
cafa57c62018061520180715.png,1
cb0885d22018061520180715.png,1
cb4912b22018061520180715.png,1
cb8cd1372018061520180715.png,1
cba261fb2018061520180715.png,0
cc3844552018061520180715.png,1
cc7359bc2018061520180715.png,1
cc74a5872018061520180715.png,1
cccc6bc82018061520180715.png,1
cd02bec22018061520180715.png,0
cd3b66742018061520180715.png,0
cd7b39752018061520180715.png,1
cddfa1b22018061520180715.png,1
ce40fa192018061520180715.png,0
ce60dd682018061520180715.png,0
ce9734d72018061520180715.png,1
ce9c86bd2018061520180715.png,0
cea6c5b12018061520180715.png,1
cf0f20dc2018061520180715.png,1
cf5550832018061520180715.png,1
cfe04a2b2018061520180715.png,0
cfe65a482018061520180715.png,1
chinanews2018061520180715.png,0
d001f4ec2018061520180715.png,1
d017a2622018061520180715.png,1
d0c987322018061520180715.png,1
d0fa9f182018061520180715.png,0
d105f5b42018061520180715.png,1
d120c9652018061520180715.png,0
d212f86a2018061520180715.png,1
d21337362018061520180715.png,0
d255f6e32018061520180715.png,1
d2689d272018061520180715.png,1
d2b4214d2018061520180715.png,1
d2ff25762018061520180715.png,0
d3705bfb2018061520180715.png,1
d39950ea2018061520180715.png,1
d399c0892018061520180715.png,1
d3baf0842018061520180715.png,0
d4177f2b2018061520180715.png,1
d4266c222018061520180715.png,1
d438507f2018061520180715.png,0
d451ce652018061520180715.png,1
d4bc52302018061520180715.png,1
d4f0814a2018061520180715.png,1
d528b7742018061520180715.png,0
d56a931b2018061520180715.png,0
d57d01f62018061520180715.png,1
d58a6c1e2018061520180715.png,1
d59e21e22018061520180715.png,1
d5b77dbc2018061520180715.png,1
d5b931522018061520180715.png,1
d60e75302018061520180715.png,0
d61fc7132018061520180715.png,1
d63eb1c22018061520180715.png,1
d736975a2018061520180715.png,1
d7881f252018061520180715.png,0
d7ada4c72018061520180715.png,0
d7b1d3232018061520180715.png,1
d7ede7cf2018061520180715.png,1
d8639cba2018061520180715.png,1
d877259d2018061520180715.png,0
d8f016992018061520180715.png,1
d93976a22018061520180715.png,1
d945148c2018061520180715.png,1
d984c10d2018061520180715.png,1
d9ad6a982018061520180715.png,0
d9edc5932018061520180715.png,1
da1e95922018061520180715.png,1
da89d72f2018061520180715.png,0
dabc28092018061520180715.png,1
dae354742018061520180715.png,1
db8466ee2018061520180715.png,1
db8771fe2018061520180715.png,1
dba527fc2018061520180715.png,0
dc02356f2018061520180715.png,1
dc336c432018061520180715.png,1
dc472df32018061520180715.png,1
dcba784e2018061520180715.png,1
dce6c0ed2018061520180715.png,1
dcf1c67c2018061520180715.png,1
dd4abdf42018061520180715.png,1
ddeb99102018061520180715.png,1
ddf5b0c42018061520180715.png,1
de0d6b742018061520180715.png,1
de14dd302018061520180715.png,1
de6f397f2018061520180715.png,0
de9e6f6c2018061520180715.png,1
dec1f8662018061520180715.png,1
df419e022018061520180715.png,0
df563aa92018061520180715.png,1
dfb9bf712018061520180715.png,1
dfc2a3bd2018061520180715.png,1
dfdc0ccd2018061520180715.png,0
dfdc93582018061520180715.png,0
e0118f462018061520180715.png,1
e02ab6d32018061520180715.png,0
e07937882018061520180715.png,1
e09a0df72018061520180715.png,1
e0c91e792018061520180715.png,0
e124952f2018061520180715.png,1
e18682832018061520180715.png,1
e1b419782018061520180715.png,0
e1c122f72018061520180715.png,1
e1c2c9182018061520180715.png,0
e1eb05562018061520180715.png,1
e24b37452018061520180715.png,1
e26f445e2018061520180715.png,0
e28a5d902018061520180715.png,1
e2b2ae3b2018061520180715.png,1
e2b7f2522018061520180715.png,0
e32a7bed2018061520180715.png,0
e34f5e2a2018061520180715.png,0
e359d4fc2018061520180715.png,1
e383da162018061520180715.png,1
e40ce6352018061520180715.png,1
e410c7d92018061520180715.png,1
e45309772018061520180715.png,1
e4eb43cd2018061520180715.png,0
e54c9d2e2018061520180715.png,0
e5ae860e2018061520180715.png,0
e61155d32018061520180715.png,1
e6a71ffa2018061520180715.png,0
e6b4eeb12018061520180715.png,1
e6bf03b62018061520180715.png,1
e6c857702018061520180715.png,0
e6d62d592018061520180715.png,0
e709a65b2018061520180715.png,0
e76555ac2018061520180715.png,1
e7922ff62018061520180715.png,1
e8455db52018061520180715.png,1
e88d41932018061520180715.png,1
e8b4afde2018061520180715.png,1
e8c7b4932018061520180715.png,0
e8ce335e2018061520180715.png,1
e8ebde962018061520180715.png,1
e91a624d2018061520180715.png,0
e9231a142018061520180715.png,0
e9523b422018061520180715.png,1
e9ba63112018061520180715.png,1
e9e88c942018061520180715.png,1
ea0769a92018061520180715.png,0
ea2b0c0b2018061520180715.png,1
ea44852e2018061520180715.png,0
eaa9e6e72018061520180715.png,1
ebab1a212018061520180715.png,0
ebb030932018061520180715.png,0
ec505d162018061520180715.png,1
eca4476b2018061520180715.png,1
ecb9a9e62018061520180715.png,1
ecd2f8162018061520180715.png,0
ecdf241b2018061520180715.png,1
ed6087b82018061520180715.png,0
edeffeef2018061520180715.png,1
ee0c004b2018061520180715.png,1
ee1492462018061520180715.png,0
ee18e4ac2018061520180715.png,1
ee84d0682018061520180715.png,1
ee86b2dc2018061520180715.png,1
ef2275052018061520180715.png,1
ef2f1d1a2018061520180715.png,1
ef6798b82018061520180715.png,0
ef79800f2018061520180715.png,0
efc16b6b2018061520180715.png,1
efc2e3852018061520180715.png,1
efcda5582018061520180715.png,1
f025ce342018061520180715.png,1
f062ac452018061520180715.png,1
f08af3cb2018061520180715.png,1
f09880d02018061520180715.png,1
f102d9972018061520180715.png,1
f107063e2018061520180715.png,1
f11a070f2018061520180715.png,1
f1286b4d2018061520180715.png,1
f15b36462018061520180715.png,0
f1788a692018061520180715.png,0
f17b130c2018061520180715.png,1
f19de1682018061520180715.png,0
f1a52dfa2018061520180715.png,0
f1c9932c2018061520180715.png,1
f1d015b62018061520180715.png,0
f1e46c4b2018061520180715.png,0
f26540732018061520180715.png,1
f2b60d832018061520180715.png,0
f30149f12018061520180715.png,1
f306df382018061520180715.png,0
f36dd7472018061520180715.png,0
f3db1e8e2018061520180715.png,1
f3e6bc992018061520180715.png,1
f42fe1612018061520180715.png,0
f43c585f2018061520180715.png,1
f50356942018061520180715.png,1
f54fd1782018061520180715.png,1
f56b1d142018061520180715.png,1
f5892a202018061520180715.png,0
f58c37472018061520180715.png,0
f5e4a8372018061520180715.png,1
f60c5c6f2018061520180715.png,1
f64803222018061520180715.png,1
f67049402018061520180715.png,1
f6be3caf2018061520180715.png,1
f6c1bc102018061520180715.png,0
f6d1d4282018061520180715.png,1
f6f194ac2018061520180715.png,0
f6f3541c2018061520180715.png,1
f72065fe2018061520180715.png,1
f784d6e72018061520180715.png,1
f7882fef2018061520180715.png,1
f820f2c62018061520180715.png,1
f83b15512018061520180715.png,1
f83b49232018061520180715.png,0
f8658fdc2018061520180715.png,0
f86bcd5d2018061520180715.png,1
f871e3bd2018061520180715.png,0
f903cf462018061520180715.png,0
f918f8442018061520180715.png,1
f95f9e2a2018061520180715.png,1
f96563882018061520180715.png,0
f97cdb62018061520180715.png,1
f9cc3dba2018061520180715.png,1
fa2b66f02018061520180715.png,0
fa7d28172018061520180715.png,1
fb04a6302018061520180715.png,0
fb85b3632018061520180715.png,0
fb97ba352018061520180715.png,1
fb9888222018061520180715.png,1
fba51e602018061520180715.png,0
fba762c22018061520180715.png,1
fbe07b492018061520180715.png,0
fcd3ca832018061520180715.png,1
fcd633972018061520180715.png,0
fcef97d82018061520180715.png,1
fcfe0a832018061520180715.png,1
fd2841ea2018061520180715.png,0
fd4b61c42018061520180715.png,1
fdbebfb92018061520180715.png,1
fe217d3c2018061520180715.png,0
fe3724bd2018061520180715.png,0
fe56a27d2018061520180715.png,1
fea2cbce2018061520180715.png,1
feb0cb7e2018061520180715.png,1
febe94f32018061520180715.png,1
feebaab92018061520180715.png,1
ff5658902018061520180715.png,1
ffe715b32018061520180715.png,1
ffec7c362018061520180715.png,1
hao02022018061520180715.png,1
m-22397444356871-ms-f-8032018061520180715.png,1
m-22397444356871-ms-f-8072018061520180715.png,1
m-22614784084742-ms-f-8032018061520180715.png,1
m-33276477696777-ms-f-8042018061520180715.png,1
m-36041042145041-ms-f-8012018061520180715.png,1
m-36664853837071-ms-f-8012018061520180715.png,1
m-39273421070861-ms-f-8012018061520180715.png,1
m-39558317773073-ms-f-8012018061520180715.png,1
m-40071380944150-ms-f-8012018061520180715.png,1
m-40426949257495-me-f-8012018061520180715.png,0
s-24145281489415-ms-f-lulutong2018061520180715.png,1
s-24564483520007-ms-f-ptshzs2018061520180715.png,1
s-24564483520007-ms-f-txlplus2018061520180715.png,1
s-24608578782471-ms-f-aics2018061520180715.png,1
s-25339240070662-ms-f-dianhuabang2018061520180715.png,1
s-25383798668295-ms-f-shbstong2018061520180715.png,1
s-29881461708298-ms-f-8012018061520180715.png,1
s-32751951052297-ms-f-8012018061520180715.png,1
s-34167469232396-ms-f-8012018061520180715.png,1
s-34167469232396-ms-f-8022018061520180715.png,1
s-34167469232396-ms-f-8072018061520180715.png,1
s-34167469232396-ms-f-8102018061520180715.png,1
s-34167469232396-ms-f-8122018061520180715.png,0
s-34167469232396-ms-f-8192018061520180715.png,0
s-35228560802822-me-f-8052018061520180715.png,1
s-35292670549263-me-f-8062018061520180715.png,1
s-37702625963281-me-f-8012018061520180715.png,0
s-38496917773074-ms-f-8012018061520180715.png,1
s-39467931601934-ms-f-8012018061520180715.png,1
s-39603321897489-ms-f-8042018061520180715.png,1
s-39625513633301-ms-f-8012018061520180715.png,1
sem_6e6_baiyi_cd2018061520180715.png,1
sem_6e6_baiyi_cs2018061520180715.png,1
sem_6e6_baiyi_dw2018061520180715.png,1
sem_6e6_baiyi_qd2018061520180715.png,1
sem_6e6_baiyi_qt2018061520180715.png,1
sem_6e6_baiyi_sh2018061520180715.png,1
sem_6e6_baiyi_sy2018061520180715.png,1
u-2bypnjez697pnc4f212018061520180715.png,0
u-2bypnnabd3v43nkdq9g2018061520180715.png,0
u-2c13wpanv3v43nkddh12018061520180715.png,1
u-2c14m53bw3v43nkdq9g2018061520180715.png,0
u-2c23887h197pnc46zg2018061520180715.png,1
u-2c2mfsz1r3v43nkdq9g2018061520180715.png,1
u-2c2mjyy8397pnc4f212018061520180715.png,0
u-2c2y1xtpp97pnc46zg2018061520180715.png,1
u-2c3ttpj193v43nkddh12018061520180715.png,0
u-2c49t1hjz97pnc46zg2018061520180715.png,1
u-2c4cqp3573v43nkddh12018061520180715.png,1
u-2c661vxct97pnc46zg2018061520180715.png,1
u-2c8y59d6b3v43nkddh12018061520180715.png,1
u-2c8yv25ew97pnc46zg2018061520180715.png,0
u-2c9t94kwc97pnc46zg2018061520180715.png,0
u-2c9u51tfu97pnc4f212018061520180715.png,1
u-2ca8gxjmt97pnc46zg2018061520180715.png,0
u-2caprj6f597pnc4f212018061520180715.png,1
u-2capt6m5e3v43nkdq9g2018061520180715.png,1
u-2cat5gn8k97pnc4f212018061520180715.png,0
u-2cavdsp9m97pnc46zg2018061520180715.png,0
u-2cbu9g3yf3v43nkdq9g2018061520180715.png,1
u-2cc1nz9vb3v43nkdq9g2018061520180715.png,1
u-2ccfkg6d497pnc4f212018061520180715.png,1
u-2ccg7u8723v43nkdq9g2018061520180715.png,1
u-2ccn3hk1z97pnc4f212018061520180715.png,0
u-2ccnhzpt93v43nkddh12018061520180715.png,1
u-2ccw2ujqt3v43nkddh12018061520180715.png,0
u-2cd51jvnr97pnc4f212018061520180715.png,0
u-2cdeujgvb3v43nkdq9g2018061520180715.png,1
u-2cdhcphzk97pnc46zg2018061520180715.png,0
u-2cdnw46n53v43nkdq9g2018061520180715.png,1
u-2cdrwkv8f97pnc46zg2018061520180715.png,1
u-2ce1zxzbw97pnc46zg2018061520180715.png,1
u-2ceake2eb97pnc46zg2018061520180715.png,0
u-2cezjwmyg97pnc4f212018061520180715.png,0
u-2cf5ruetm3v43nkddh12018061520180715.png,1
u-2cf5z13v43v43nkdq9g2018061520180715.png,0
u-2cf8d2buz3v43nkddh12018061520180715.png,0
u-2cfsayup33v43nkdq9g2018061520180715.png,0
u-2cfuuqp2z3v43nkddh12018061520180715.png,0
u-2cfwxe24f97pnc46zg2018061520180715.png,0
u-2cgebh31s3v43nkddh12018061520180715.png,0
u-2cgtewp3d97pnc46zg2018061520180715.png,1
u-2cgwebr9a3v43nkdq9g2018061520180715.png,1
u-2ch36dhnm3v43nkdq9g2018061520180715.png,1
u-2chd52uvg97pnc46zg2018061520180715.png,0
u-2chfdg2va97pnc4f212018061520180715.png,1
u-2chhbjcqm97pnc4f212018061520180715.png,0
u-2cj2mtap897pnc4f212018061520180715.png,1
u-2cz2rnk1f97pnc4f212018061520180715.png,0
u-L-LH3Gf2J9tMcKG2018061520180715.png,0
u-Lg7H6rJ2J9tMeMj2018061520180715.png,1
u-Lgpzlj5a1luDwQM2018061520180715.png,1
u-LhOfllw2J9tMeMj2018061520180715.png,1
u-LhrZ7OBa1luDwQM2018061520180715.png,1
u-LhU1fvLa1luDubj2018061520180715.png,1
u-LkCAAnxa1luDwQM2018061520180715.png,1
u-LkprjEOa1luDwQM2018061520180715.png,1
u-Ll-2soP2J9tMeMj2018061520180715.png,1
u-LlB1ehaa1luDwQM2018061520180715.png,0
u-LlQETAfa1luDubj2018061520180715.png,1
u-LlQE_L0a1luDwQM2018061520180715.png,1
u-LmZ2V4Aa1luDubj2018061520180715.png,1
u-Ln1WUhra1luDwQM2018061520180715.png,1
u-Lnd4Ygta1luDubj2018061520180715.png,1
u-LNg75wv2J9tMeMj2018061520180715.png,1
u-LNl_5vd2J9tMcKG2018061520180715.png,0
u-LNTy1Ima1luDubj2018061520180715.png,0
u-LNTyKyCa1luDubj2018061520180715.png,0
u-LpufZKt2J9tMeMj2018061520180715.png,0
u-LpW-tic2J9tMeMj2018061520180715.png,1
u-LQfhov5a1luDwQM2018061520180715.png,1
u-LQNEB91a1luDwQM2018061520180715.png,0
u-LqzcB8r2J9tMcKG2018061520180715.png,1
u-LR0mhYb2J9tMeMj2018061520180715.png,1
u-LRg_TlX2J9tMcKG2018061520180715.png,1
u-LrS4Ar42J9tMcKG2018061520180715.png,1
u-LrTD6Hp2J9tMcKG2018061520180715.png,1
u-LRUi0XFa1luDwQM2018061520180715.png,1
u-Lt2pHoBa1luDubj2018061520180715.png,1
u-Lt3gSeJ2J9tMcKG2018061520180715.png,0
u-LTdv9b-2J9tMcKG2018061520180715.png,1
u-LThS6jH2J9tMcKG2018061520180715.png,0
u-LV-I1MN2J9tMcKG2018061520180715.png,1
u-LvgUA-t2J9tMcKG2018061520180715.png,1
u-LVRJxy8a1luDwQM2018061520180715.png,1
u-LvwsEy12J9tMcKG2018061520180715.png,1
u-Lw7Uzz6a1luDubj2018061520180715.png,0
u-LWgPFo9a1luDubj2018061520180715.png,1
u-Lw__EnW2J9tMcKG2018061520180715.png,0
u-LxKj4N42J9tMcKG2018061520180715.png,1
u-LY4Wo7Sa1luDwQM2018061520180715.png,1
u-LY58WKj2J9tMcKG2018061520180715.png,1
u-LY5fLTL2J9tMcKG2018061520180715.png,1
u-LYxfp0da1luDwQM2018061520180715.png,0
u-LZHr9rm2J9tMeMj2018061520180715.png,1
u-LZO2mTpa1luDubj2018061520180715.png,0
100033491152018061520180715.png,1
1003bc802018061520180715.png,1
1003c0082018061520180715.png,1
100426b32018061520180715.png,1
1004748c2018061520180715.png,1
101403032602018061520180715.png,1
101403032892018061520180715.png,1
101862299692018061520180715.png,1
101862299732018061520180715.png,1
110247267282018061520180715.png,1
123456782018061520180715.png,1
143586812172018061520180715.png,1
149110776402018061520180715.png,1
155387819282018061520180715.png,1
155387819372018061520180715.png,1
155387822582018061520180715.png,1
155387822612018061520180715.png,1
180436700882018061520180715.png,1
180436712472018061520180715.png,0
180451506602018061520180715.png,1
180451506912018061520180715.png,1
183216458742018061520180715.png,1
183216470332018061520180715.png,1
183216471082018061520180715.png,1
183216479262018061520180715.png,1
183216532582018061520180715.png,1
183216542372018061520180715.png,1
183220094502018061520180715.png,1
188443976932018061520180715.png,1
19564906392018061520180715.png,1
19670951832018061520180715.png,1
19670956432018061520180715.png,1
198078138712018061520180715.png,0
2018061520180715.png,1
21989426222018061520180715.png,1
21989429102018061520180715.png,1
22131730012018061520180715.png,1
22131730152018061520180715.png,1
226768400222018061520180715.png,1
22957128172018061520180715.png,1
22957128182018061520180715.png,1
22964387912018061520180715.png,1
23106159842018061520180715.png,1
23113278882018061520180715.png,1
23113294192018061520180715.png,1
23113311282018061520180715.png,1
24987612842018061520180715.png,1
29800502502018061520180715.png,1
29859528492018061520180715.png,1
33386193542018061520180715.png,1
446870330842018061520180715.png,1
446870332732018061520180715.png,1
453780366542018061520180715.png,1
455563266802018061520180715.png,1
542625002262018061520180715.png,1
542647905022018061520180715.png,1
542647905202018061520180715.png,1
542647905232018061520180715.png,1
571201888012018061520180715.png,1
571225650342018061520180715.png,1
571290952682018061520180715.png,1
577080933392018061520180715.png,0
581096514222018061520180715.png,1
581099365812018061520180715.png,1
581299217342018061520180715.png,1
588183891662018061520180715.png,1
697590231202018061520180715.png,1
697590231742018061520180715.png,1
697590231832018061520180715.png,1
727011905262018061520180715.png,1
730914277652018061520180715.png,1
730914278252018061520180715.png,1
731479228852018061520180715.png,1
731479228972018061520180715.png,0
73574626212018061520180715.png,1
73574626472018061520180715.png,1
737472200672018061520180715.png,1
761511951932018061520180715.png,1
773080217952018061520180715.png,1
773080218202018061520180715.png,1
773080218232018061520180715.png,1
773080229722018061520180715.png,1
796822465402018061520180715.png,1
802324559762018061520180715.png,1
802324563782018061520180715.png,1
804371446702018061520180715.png,1
8200524392018061520180715.png,1
8200525612018061520180715.png,1
8200525622018061520180715.png,1
8200527982018061520180715.png,1
867405923082018061520180715.png,1
867405923132018061520180715.png,1
867405923182018061520180715.png,1
867405923222018061520180715.png,1
867405923402018061520180715.png,1
867405923412018061520180715.png,1
867405923432018061520180715.png,1
867405923452018061520180715.png,1
867405923732018061520180715.png,1
867405923742018061520180715.png,1
867405923762018061520180715.png,1
867405923772018061520180715.png,1
867405923982018061520180715.png,1
867405923992018061520180715.png,1
890812341992018061520180715.png,1
89184263442018061520180715.png,1
896701930832018061520180715.png,1
896701930852018061520180715.png,1
896743458092018061520180715.png,1
896743458202018061520180715.png,1
95789528342018061520180715.png,1
967f4dca2018061520180715.png,1
a0c2c9c72018061520180715.png,1
a0c8f5ee2018061520180715.png,1
a0d2a4262018061520180715.png,0
a128245d2018061520180715.png,0
a128751b2018061520180715.png,1
a15e498a2018061520180715.png,0
a16f75f42018061520180715.png,1
a2019e832018061520180715.png,1
a23499202018061520180715.png,1
a2990bbc2018061520180715.png,1
a309780e2018061520180715.png,1
a351afbb2018061520180715.png,0
a372c8f42018061520180715.png,1
a3ec49b82018061520180715.png,0
a4842a602018061520180715.png,1
a4a13d5f2018061520180715.png,1
a4a6da252018061520180715.png,1
a4f7c6172018061520180715.png,0
a61a782c2018061520180715.png,0
a7e243542018061520180715.png,1
a7f068e72018061520180715.png,1
a7f5207f2018061520180715.png,1
a8a9e18f2018061520180715.png,1
a921d3772018061520180715.png,1
a97ac9382018061520180715.png,0
a9faa4bd2018061520180715.png,1
a9fbd5df2018061520180715.png,1
aa23c6fa2018061520180715.png,1
aa50f6722018061520180715.png,1
aa5f730e2018061520180715.png,0
aa7c93902018061520180715.png,0
abe1995a2018061520180715.png,0
abfb3d422018061520180715.png,0
ac119f692018061520180715.png,1
ac2a2c872018061520180715.png,1
ad32a7b62018061520180715.png,1
ad42f8472018061520180715.png,1
ad48d2592018061520180715.png,1
ad861dca2018061520180715.png,1
ae1359e02018061520180715.png,1
ae2639152018061520180715.png,1
ae4699142018061520180715.png,0
ae7390922018061520180715.png,1
afb449702018061520180715.png,1
b-24874913914118-ms-f-sg2018061520180715.png,1
b-25408862998022-ms-f-8032018061520180715.png,1
b-25408862998022-ms-f-8042018061520180715.png,1
b-25628932496135-ms-f-chubao2018061520180715.png,1
b-31580022738699-me-f-8222018061520180715.png,1
b-31580022738699-me-f-8252018061520180715.png,1
b-31580022738699-me-f-8272018061520180715.png,1
b-31580022738699-me-f-8662018061520180715.png,1
b00f864d2018061520180715.png,0
b063bf532018061520180715.png,1
b0cfdd602018061520180715.png,1
b0e684162018061520180715.png,1
b12310012018061520180715.png,1
b13735282018061520180715.png,1
b19941282018061520180715.png,0
b23784052018061520180715.png,1
b238c0d82018061520180715.png,0
b268df542018061520180715.png,1
b283a4972018061520180715.png,1
b3094d3e2018061520180715.png,1
b3513bad2018061520180715.png,0
b456abe12018061520180715.png,0
b45e7fc22018061520180715.png,1
b57fb35e2018061520180715.png,1
b5a265422018061520180715.png,0
b6490c4b2018061520180715.png,1
b67d99f62018061520180715.png,1
b6a02aa52018061520180715.png,1
b6afc7542018061520180715.png,1
b6e218ac2018061520180715.png,0
b883cd722018061520180715.png,1
b8a979f02018061520180715.png,1
b8aac1eb2018061520180715.png,1
b8c2b14c2018061520180715.png,0
b8d0d74e2018061520180715.png,1
bac7aee82018061520180715.png,0
baca805e2018061520180715.png,1
bb1bab8e2018061520180715.png,1
bb4f5a9c2018061520180715.png,1
bbec58222018061520180715.png,1
bc35d74c2018061520180715.png,0
bc3e96ec2018061520180715.png,1
bc83ba7f2018061520180715.png,1
bd2628042018061520180715.png,0
bd3778952018061520180715.png,1
bdc441b32018061520180715.png,0
be06c94f2018061520180715.png,1
bf5f86e52018061520180715.png,1
bf6ea8412018061520180715.png,1
bfa07dd32018061520180715.png,0
bfcc1f6f2018061520180715.png,1
c02a22f02018061520180715.png,1
c02d651c2018061520180715.png,1
c0349f502018061520180715.png,0
c03f91532018061520180715.png,1
c1c5069d2018061520180715.png,0
c1d323c52018061520180715.png,1
c230968f2018061520180715.png,1
c258542c2018061520180715.png,1
c2e880872018061520180715.png,1
c35d764b2018061520180715.png,0
c37ef3512018061520180715.png,0
c391a8922018061520180715.png,1
c3a496e92018061520180715.png,1
c3b09d312018061520180715.png,0
c44d05c42018061520180715.png,1
c475c29b2018061520180715.png,1
c47cc8f02018061520180715.png,1
c5b9182a2018061520180715.png,0
c5e0a1312018061520180715.png,1
c655ad7a2018061520180715.png,1
c668030d2018061520180715.png,1
c6eb08d82018061520180715.png,0
c6f345332018061520180715.png,1
c78eeaf22018061520180715.png,1
c83cc3f12018061520180715.png,1
c83db5fd2018061520180715.png,0
c85d19042018061520180715.png,1
c92936a52018061520180715.png,1
ca0510a32018061520180715.png,1
ca136b1a2018061520180715.png,1
ca54dbd52018061520180715.png,1
cac5b2e62018061520180715.png,0
cbc37ca12018061520180715.png,1
cbc8874d2018061520180715.png,0
cc0c1ec02018061520180715.png,1
cc4a29ce2018061520180715.png,0
cd25569b2018061520180715.png,1
cd54c3142018061520180715.png,0
cd88accd2018061520180715.png,1
cdda5f3f2018061520180715.png,1
cf023d562018061520180715.png,1
cf182b942018061520180715.png,0
cf2f25732018061520180715.png,1
cf67d8762018061520180715.png,1
d0724f7d2018061520180715.png,0
d11504a22018061520180715.png,1
d18398d42018061520180715.png,1
d1c8a1f32018061520180715.png,1
d1e021b42018061520180715.png,0
d1f29ddb2018061520180715.png,1
d1fa5e2c2018061520180715.png,1
d32753d72018061520180715.png,1
d42174562018061520180715.png,1
d43f0e9d2018061520180715.png,1
d47634652018061520180715.png,1
d47bbd0d2018061520180715.png,1
d49b98712018061520180715.png,1
d53e504d2018061520180715.png,1
d59361382018061520180715.png,1
d64250322018061520180715.png,1
d654f7e62018061520180715.png,1
d68f47e32018061520180715.png,0
d6a70b6d2018061520180715.png,1
d6e2254f2018061520180715.png,1
d6f77f632018061520180715.png,0
d70a76422018061520180715.png,1
d760fac32018061520180715.png,1
d7a38fab2018061520180715.png,1
d863a3cd2018061520180715.png,1
d91cdde22018061520180715.png,1
d91efd172018061520180715.png,1
d9988f752018061520180715.png,1
dbaabf522018061520180715.png,0
dbe86b812018061520180715.png,1
dc6ec4c32018061520180715.png,0
dc9d1cbd2018061520180715.png,1
dd2503602018061520180715.png,1
dd718e972018061520180715.png,1
ddb317712018061520180715.png,1
ddba08802018061520180715.png,0
dee6253c2018061520180715.png,1
df147be52018061520180715.png,1
df72fb4b2018061520180715.png,0
df8e96d02018061520180715.png,1
e03c84e02018061520180715.png,0
e0d4d1192018061520180715.png,0
e0df39772018061520180715.png,1
e0e406962018061520180715.png,1
e0f88cb32018061520180715.png,1
e10e4ca02018061520180715.png,0
e1761de92018061520180715.png,1
e206864b2018061520180715.png,0
e21a292d2018061520180715.png,0
e2fd993f2018061520180715.png,1
e3326d7d2018061520180715.png,1
e4a3ebf62018061520180715.png,1
e4c69ab42018061520180715.png,1
e56a1daa2018061520180715.png,1
e623415f2018061520180715.png,1
e69bee1f2018061520180715.png,1
e6e314a72018061520180715.png,0
e6e86bf22018061520180715.png,0
e74a2d152018061520180715.png,1
e7e36bbe2018061520180715.png,1
e813a5112018061520180715.png,1
e81d50b82018061520180715.png,1
e867789d2018061520180715.png,1
e875978f2018061520180715.png,0
e8a9e08a2018061520180715.png,1
e921e2122018061520180715.png,0
e9eec1d12018061520180715.png,0
e9fcb5032018061520180715.png,1
eae0472d2018061520180715.png,1
eb069cff2018061520180715.png,1
eb1bd3992018061520180715.png,1
eb1d33882018061520180715.png,1
ecf81d692018061520180715.png,1
ed0c76302018061520180715.png,0
ed5167ab2018061520180715.png,1
ed5bea152018061520180715.png,1
ee5438052018061520180715.png,1
eeaacf732018061520180715.png,0
eef02f492018061520180715.png,0
eef5b2f42018061520180715.png,0
efd271822018061520180715.png,0
efe631d52018061520180715.png,1
f04321732018061520180715.png,1
f07102662018061520180715.png,1
f0bd1e8a2018061520180715.png,1
f0dd30472018061520180715.png,1
f3230ae02018061520180715.png,1
f3367d3e2018061520180715.png,1
f37b5c182018061520180715.png,1
f39c3c462018061520180715.png,0
f3e6bfd42018061520180715.png,0
f3fffaf72018061520180715.png,0
f40e23342018061520180715.png,0
f41d0ec32018061520180715.png,1
f432056c2018061520180715.png,1
f4612b5b2018061520180715.png,0
f4dd8ab62018061520180715.png,1
f5016ac92018061520180715.png,0
f540c10f2018061520180715.png,1
f547d5ef2018061520180715.png,1
f598e6fe2018061520180715.png,1
f5b8b3a32018061520180715.png,1
f63b527b2018061520180715.png,1
f652c2302018061520180715.png,1
f66faac12018061520180715.png,0
f69a22472018061520180715.png,1
f78f80702018061520180715.png,1
f893969d2018061520180715.png,1
f8a19aad2018061520180715.png,1
f8d991512018061520180715.png,0
f8f260302018061520180715.png,1
f9a2014b2018061520180715.png,0
fa28b56e2018061520180715.png,1
fa7181be2018061520180715.png,1
fac492ec2018061520180715.png,0
facd45072018061520180715.png,1
fc0308472018061520180715.png,1
fc2304212018061520180715.png,0
fc79704a2018061520180715.png,1
fc92010c2018061520180715.png,1
fdc370d42018061520180715.png,0
fdc452992018061520180715.png,1
fe1a96842018061520180715.png,0
fe3b94ff2018061520180715.png,0
feec7cfc2018061520180715.png,1
ff2f29ea2018061520180715.png,1
ff4dfef72018061520180715.png,0
ff5beafe2018061520180715.png,0
m-25408862998022-ms-f-8022018061520180715.png,1
m-29808017352203-ms-f-6732018061520180715.png,1
m-30357155836684-me-f-8012018061520180715.png,1
m-30357155836684-ms-f-8022018061520180715.png,1
m-40491050136855-me-f-8012018061520180715.png,1
null2018061520180715.png,0
s-24556393-ms-f-8012018061520180715.png,1
s-30489970078470-ms-f-8012018061520180715.png,1
s-31352896546060-ms-f-8012018061520180715.png,1
s-31835395308299-me-f-8212018061520180715.png,1
s-31835395308299-ms-f-8062018061520180715.png,1
s-34167469232396-ms-f-8202018061520180715.png,1
s-34167469232396-ms-f-8252018061520180715.png,1
s-34297557692423-ms-f-8012018061520180715.png,0
s-34513283881993-me-f-8022018061520180715.png,1
s-40402321741325-ms-f-8012018061520180715.png,1
s-41152878691598-ms-f-8012018061520180715.png,1
s-41968205011985-ms-f-8022018061520180715.png,1
s-7002070515974-me-f-8012018061520180715.png,1
sem_6e6_baiyi_bj2018061520180715.png,1
sem_6e6_baiyi_tj2018061520180715.png,1
sem_6e6_baiyi_wh2018061520180715.png,1
u-2by4r6jry3v43nkddh12018061520180715.png,1
u-2bybhpfj697pnc46zg2018061520180715.png,1
u-2c4n18zts3v43nkdq9g2018061520180715.png,1
u-2c4xfc1gy97pnc4f212018061520180715.png,1
u-2c52uecct97pnc46zg2018061520180715.png,1
u-2c61daztk97pnc4f212018061520180715.png,1
u-2c61dd14w3v43nkdq9g2018061520180715.png,1
u-2c6huvtu197pnc46zg2018061520180715.png,0
u-2c8dtry3y3v43nkddh12018061520180715.png,1
u-2c91p8f9m97pnc46zg2018061520180715.png,1
u-2cavnqfmx97pnc4f212018061520180715.png,1
u-2cbc34ryk3v43nkdq9g2018061520180715.png,0
u-2cbekdt6h3v43nkdq9g2018061520180715.png,0
u-2cbtsc2cw97pnc46zg2018061520180715.png,0
u-2ccya9j663v43nkddh12018061520180715.png,1
u-2ccyaag2c3v43nkdq9g2018061520180715.png,1
u-2ccyxu8rb3v43nkdq9g2018061520180715.png,1
u-2cd35gsng3v43nkddh12018061520180715.png,1
u-2cen87wp33v43nkddh12018061520180715.png,1
u-2cetaa9xp3v43nkddh12018061520180715.png,1
u-2cetez2a83v43nkdq9g2018061520180715.png,1
u-2cetjpfqp3v43nkdq9g2018061520180715.png,1
u-2cg1kjxx33v43nkdq9g2018061520180715.png,0
u-2cgb265ud97pnc4f212018061520180715.png,1
u-2cgbkcc9697pnc46zg2018061520180715.png,1
u-2cge1wyh53v43nkddh12018061520180715.png,1
u-2chj9kqr73v43nkddh12018061520180715.png,1
u-2chjexvf597pnc4f212018061520180715.png,0
u-2chmjye5j97pnc4f212018061520180715.png,0
u-2chmq12ur97pnc4f212018061520180715.png,1
u-LhwyIixa1luDwQM2018061520180715.png,1
u-Lj3YC_O2J9tMeMj2018061520180715.png,1
u-Lji81dY2J9tMeMj2018061520180715.png,1
u-Ljr0YR-a1luDubj2018061520180715.png,1
u-LltR8sM2J9tMcKG2018061520180715.png,1
u-LlzQ9uy2J9tMcKG2018061520180715.png,1
u-LMceBhGa1luDwQM2018061520180715.png,1
u-LmInaoZa1luDubj2018061520180715.png,0
u-LO-dVie2J9tMeMj2018061520180715.png,0
u-Lo2-_Rda1luDwQM2018061520180715.png,1
u-Lp7lgc6a1luDubj2018061520180715.png,1
u-LpM61wCa1luDubj2018061520180715.png,1
u-LrgKtzUa1luDwQM2018061520180715.png,1
u-LRhzu2H2J9tMcKG2018061520180715.png,1
u-LRi8-rY2J9tMcKG2018061520180715.png,1
u-LrRTp1v2J9tMcKG2018061520180715.png,1
u-LTiUFn92J9tMeMj2018061520180715.png,1
u-Ltra8bm2J9tMeMj2018061520180715.png,0
u-LtuxQtT2J9tMcKG2018061520180715.png,1
u-LV-ArTDa1luDubj2018061520180715.png,1
u-LWJxmKu2J9tMcKG2018061520180715.png,1
u-LwqJVPPa1luDubj2018061520180715.png,1
u-Lx4iWOka1luDwQM2018061520180715.png,1
u-Lx4Y3m-2J9tMcKG2018061520180715.png,1
u-LZv9cub2J9tMcKG2018061520180715.png,0
u-LZvrwGHa1luDwQM2018061520180715.png,1
{keywordid}2018061520180715.png,1
107849742212018061520180715.png,1
446099812272018061520180715.png,1
615093306982018061520180715.png,0
731482129102018061520180715.png,0
ab3218ec2018061520180715.png,1
