123456782018061920180620.png,1
153300565192018061920180620.png,1
2018061920180620.png,1
23106159842018061920180620.png,1
acd6687a2018061920180620.png,1
b-25408862998022-ms-f-8032018061920180620.png,1
b-25628932496135-ms-f-chubao2018061920180620.png,1
b-31580022738699-me-f-8052018061920180620.png,1
b-31580022738699-me-f-8142018061920180620.png,1
b-31580022738699-me-f-8222018061920180620.png,1
b-31580022738699-me-f-8272018061920180620.png,1
b-31580022738699-me-f-8662018061920180620.png,1
b-31580022738699-me-f-9062018061920180620.png,1
b-31835395308299-me-f-8012018061920180620.png,1
c0ff2dab2018061920180620.png,1
c44d05c42018061920180620.png,1
